<?xml version="1.0"?>
<doc>
    <assembly>
        <name>Core</name>
    </assembly>
    <members>
        <member name="P:Bit.Core.Models.Api.Public.AssociationWithPermissionsBaseModel.Id">
            <summary>
            The associated object's unique identifier.
            </summary>
            <example>bfbc8338-e329-4dc0-b0c9-317c2ebf1a09</example>
        </member>
        <member name="P:Bit.Core.Models.Api.Public.AssociationWithPermissionsBaseModel.ReadOnly">
            <summary>
            When true, the read only permission will not allow the user or group to make changes to items.
            </summary>
        </member>
        <member name="P:Bit.Core.Models.Api.Public.CollectionBaseModel.ExternalId">
            <summary>
            External identifier for reference or linking this collection to another system.
            </summary>
            <example>external_id_123456</example>
        </member>
        <member name="P:Bit.Core.Models.Api.Public.GroupBaseModel.Name">
            <summary>
            The name of the group.
            </summary>
            <example>Development Team</example>
        </member>
        <member name="P:Bit.Core.Models.Api.Public.GroupBaseModel.AccessAll">
            <summary>
            Determines if this group can access all collections within the organization, or only the associated
            collections. If set to <c>true</c>, this option overrides any collection assignments.
            </summary>
        </member>
        <member name="P:Bit.Core.Models.Api.Public.GroupBaseModel.ExternalId">
            <summary>
            External identifier for reference or linking this group to another system, such as a user directory.
            </summary>
            <example>external_id_123456</example>
        </member>
        <member name="P:Bit.Core.Models.Api.Public.MemberBaseModel.Type">
            <summary>
            The member's type (or role) within the organization.
            </summary>
        </member>
        <member name="P:Bit.Core.Models.Api.Public.MemberBaseModel.AccessAll">
            <summary>
            Determines if this member can access all collections within the organization, or only the associated
            collections. If set to <c>true</c>, this option overrides any collection assignments.
            </summary>
        </member>
        <member name="P:Bit.Core.Models.Api.Public.MemberBaseModel.ExternalId">
            <summary>
            External identifier for reference or linking this member to another system, such as a user directory.
            </summary>
            <example>external_id_123456</example>
        </member>
        <member name="P:Bit.Core.Models.Api.Public.PolicyBaseModel.Enabled">
            <summary>
            Determines if this policy is enabled and enforced.
            </summary>
        </member>
        <member name="P:Bit.Core.Models.Api.Public.PolicyBaseModel.Data">
            <summary>
            Data for the policy.
            </summary>
        </member>
        <member name="P:Bit.Core.Models.Api.Public.CollectionUpdateRequestModel.Groups">
            <summary>
            The associated groups that this collection is assigned to.
            </summary>
        </member>
        <member name="P:Bit.Core.Models.Api.Public.EventFilterRequestModel.Start">
            <summary>
            The start date. Must be less than the end date.
            </summary>
        </member>
        <member name="P:Bit.Core.Models.Api.Public.EventFilterRequestModel.End">
            <summary>
            The end date. Must be greater than the start date.
            </summary>
        </member>
        <member name="P:Bit.Core.Models.Api.Public.EventFilterRequestModel.ActingUserId">
            <summary>
            The unique identifier of the user that performed the event.
            </summary>
        </member>
        <member name="P:Bit.Core.Models.Api.Public.EventFilterRequestModel.ItemId">
            <summary>
            The unique identifier of the related item that the event describes.
            </summary>
        </member>
        <member name="P:Bit.Core.Models.Api.Public.EventFilterRequestModel.ContinuationToken">
            <summary>
            A cursor for use in pagination.
            </summary>
        </member>
        <member name="P:Bit.Core.Models.Api.Public.GroupCreateUpdateRequestModel.Collections">
            <summary>
            The associated collections that this group can access.
            </summary>
        </member>
        <member name="P:Bit.Core.Models.Api.Public.MemberCreateRequestModel.Email">
            <summary>
            The member's email address.
            </summary>
            <example>jsmith@example.com</example>
        </member>
        <member name="P:Bit.Core.Models.Api.Public.MemberUpdateRequestModel.Collections">
            <summary>
            The associated collections that this member can access.
            </summary>
        </member>
        <member name="P:Bit.Core.Models.Api.Public.OrganizationImportRequestModel.Groups">
            <summary>
            Groups to import.
            </summary>
        </member>
        <member name="P:Bit.Core.Models.Api.Public.OrganizationImportRequestModel.Members">
            <summary>
            Members to import.
            </summary>
        </member>
        <member name="P:Bit.Core.Models.Api.Public.OrganizationImportRequestModel.OverwriteExisting">
            <summary>
            Determines if the data in this request should overwrite or append to the existing organization data.
            </summary>
        </member>
        <member name="P:Bit.Core.Models.Api.Public.OrganizationImportRequestModel.OrganizationImportGroupRequestModel.Name">
            <summary>
            The name of the group.
            </summary>
            <example>Development Team</example>
        </member>
        <member name="P:Bit.Core.Models.Api.Public.OrganizationImportRequestModel.OrganizationImportGroupRequestModel.ExternalId">
            <summary>
            External identifier for reference or linking this group to another system, such as a user directory.
            </summary>
            <example>external_id_123456</example>
        </member>
        <member name="P:Bit.Core.Models.Api.Public.OrganizationImportRequestModel.OrganizationImportGroupRequestModel.MemberExternalIds">
            <summary>
            The associated external ids for members in this group.
            </summary>
        </member>
        <member name="P:Bit.Core.Models.Api.Public.OrganizationImportRequestModel.OrganizationImportMemberRequestModel.Email">
            <summary>
            The member's email address. Required for non-deleted users.
            </summary>
            <example>jsmith@example.com</example>
        </member>
        <member name="P:Bit.Core.Models.Api.Public.OrganizationImportRequestModel.OrganizationImportMemberRequestModel.ExternalId">
            <summary>
            External identifier for reference or linking this member to another system, such as a user directory.
            </summary>
            <example>external_id_123456</example>
        </member>
        <member name="P:Bit.Core.Models.Api.Public.OrganizationImportRequestModel.OrganizationImportMemberRequestModel.Deleted">
            <summary>
            Determines if this member should be removed from the organization during import.
            </summary>
        </member>
        <member name="P:Bit.Core.Models.Api.Public.UpdateGroupIdsRequestModel.GroupIds">
            <summary>
            The associated group ids that this object can access.
            </summary>
        </member>
        <member name="P:Bit.Core.Models.Api.Public.UpdateMemberIdsRequestModel.MemberIds">
            <summary>
            The associated member ids that have access to this object.
            </summary>
        </member>
        <member name="T:Bit.Core.Models.Api.Public.CollectionResponseModel">
            <summary>
            A collection.
            </summary>
        </member>
        <member name="P:Bit.Core.Models.Api.Public.CollectionResponseModel.Object">
            <summary>
            String representing the object's type. Objects of the same type share the same properties.
            </summary>
            <example>collection</example>
        </member>
        <member name="P:Bit.Core.Models.Api.Public.CollectionResponseModel.Id">
            <summary>
            The collection's unique identifier.
            </summary>
            <example>539a36c5-e0d2-4cf9-979e-51ecf5cf6593</example>
        </member>
        <member name="P:Bit.Core.Models.Api.Public.CollectionResponseModel.Groups">
            <summary>
            The associated groups that this collection is assigned to.
            </summary>
        </member>
        <member name="P:Bit.Core.Models.Api.Public.ErrorResponseModel.Object">
            <summary>
            String representing the object's type. Objects of the same type share the same properties.
            </summary>
            <example>error</example>
        </member>
        <member name="P:Bit.Core.Models.Api.Public.ErrorResponseModel.Message">
            <summary>
            A human-readable message providing details about the error.
            </summary>
            <example>The request model is invalid.</example>
        </member>
        <member name="P:Bit.Core.Models.Api.Public.ErrorResponseModel.Errors">
            <summary>
            If multiple errors occurred, they are listed in dictionary. Errors related to a specific
            request parameter will include a dictionary key describing that parameter.
            </summary>
        </member>
        <member name="T:Bit.Core.Models.Api.Public.EventResponseModel">
            <summary>
            An event log.
            </summary>
        </member>
        <member name="P:Bit.Core.Models.Api.Public.EventResponseModel.Object">
            <summary>
            String representing the object's type. Objects of the same type share the same properties.
            </summary>
            <example>event</example>
        </member>
        <member name="P:Bit.Core.Models.Api.Public.EventResponseModel.Type">
            <summary>
            The type of event.
            </summary>
        </member>
        <member name="P:Bit.Core.Models.Api.Public.EventResponseModel.ItemId">
            <summary>
            The unique identifier of the related item that the event describes.
            </summary>
            <example>3767a302-8208-4dc6-b842-030428a1cfad</example>
        </member>
        <member name="P:Bit.Core.Models.Api.Public.EventResponseModel.CollectionId">
            <summary>
            The unique identifier of the related collection that the event describes.
            </summary>
            <example>bce212a4-25f3-4888-8a0a-4c5736d851e0</example>
        </member>
        <member name="P:Bit.Core.Models.Api.Public.EventResponseModel.GroupId">
            <summary>
            The unique identifier of the related group that the event describes.
            </summary>
            <example>f29a2515-91d2-4452-b49b-5e8040e6b0f4</example>
        </member>
        <member name="P:Bit.Core.Models.Api.Public.EventResponseModel.PolicyId">
            <summary>
            The unique identifier of the related policy that the event describes.
            </summary>
            <example>f29a2515-91d2-4452-b49b-5e8040e6b0f4</example>
        </member>
        <member name="P:Bit.Core.Models.Api.Public.EventResponseModel.MemberId">
            <summary>
            The unique identifier of the related member that the event describes.
            </summary>
            <example>e68b8629-85eb-4929-92c0-b84464976ba4</example>
        </member>
        <member name="P:Bit.Core.Models.Api.Public.EventResponseModel.ActingUserId">
            <summary>
            The unique identifier of the user that performed the event.
            </summary>
            <example>a2549f79-a71f-4eb9-9234-eb7247333f94</example>
        </member>
        <member name="P:Bit.Core.Models.Api.Public.EventResponseModel.Date">
            <summary>
            The date/timestamp when the event occurred.
            </summary>
        </member>
        <member name="P:Bit.Core.Models.Api.Public.EventResponseModel.Device">
            <summary>
            The type of device used by the acting user when the event occurred.
            </summary>
        </member>
        <member name="P:Bit.Core.Models.Api.Public.EventResponseModel.IpAddress">
            <summary>
            The IP address of the acting user.
            </summary>
            <example>172.16.254.1</example>
        </member>
        <member name="T:Bit.Core.Models.Api.Public.GroupResponseModel">
            <summary>
            A user group.
            </summary>
        </member>
        <member name="P:Bit.Core.Models.Api.Public.GroupResponseModel.Object">
            <summary>
            String representing the object's type. Objects of the same type share the same properties.
            </summary>
            <example>group</example>
        </member>
        <member name="P:Bit.Core.Models.Api.Public.GroupResponseModel.Id">
            <summary>
            The group's unique identifier.
            </summary>
            <example>539a36c5-e0d2-4cf9-979e-51ecf5cf6593</example>
        </member>
        <member name="P:Bit.Core.Models.Api.Public.GroupResponseModel.Collections">
            <summary>
            The associated collections that this group can access.
            </summary>
        </member>
        <member name="P:Bit.Core.Models.Api.Public.ListResponseModel`1.Object">
            <summary>
            String representing the object's type. Objects of the same type share the same properties.
            </summary>
            <example>list</example>
        </member>
        <member name="P:Bit.Core.Models.Api.Public.ListResponseModel`1.Data">
            <summary>
            An array containing the actual response elements, paginated by any request parameters.
            </summary>
        </member>
        <member name="P:Bit.Core.Models.Api.Public.ListResponseModel`1.ContinuationToken">
            <summary>
            A cursor for use in pagination.
            </summary>
        </member>
        <member name="T:Bit.Core.Models.Api.Public.MemberResponseModel">
            <summary>
            An organization member.
            </summary>
        </member>
        <member name="P:Bit.Core.Models.Api.Public.MemberResponseModel.Object">
            <summary>
            String representing the object's type. Objects of the same type share the same properties.
            </summary>
            <example>member</example>
        </member>
        <member name="P:Bit.Core.Models.Api.Public.MemberResponseModel.Id">
            <summary>
            The member's unique identifier within the organization.
            </summary>
            <example>539a36c5-e0d2-4cf9-979e-51ecf5cf6593</example>
        </member>
        <member name="P:Bit.Core.Models.Api.Public.MemberResponseModel.UserId">
            <summary>
            The member's unique identifier across Bitwarden.
            </summary>
            <example>48b47ee1-493e-4c67-aef7-014996c40eca</example>
        </member>
        <member name="P:Bit.Core.Models.Api.Public.MemberResponseModel.Name">
            <summary>
            The member's name, set from their user account profile.
            </summary>
            <example>John Smith</example>
        </member>
        <member name="P:Bit.Core.Models.Api.Public.MemberResponseModel.Email">
            <summary>
            The member's email address.
            </summary>
            <example>jsmith@example.com</example>
        </member>
        <member name="P:Bit.Core.Models.Api.Public.MemberResponseModel.TwoFactorEnabled">
            <summary>
            Returns <c>true</c> if the member has a two-step login method enabled on their user account.
            </summary>
        </member>
        <member name="P:Bit.Core.Models.Api.Public.MemberResponseModel.Status">
            <summary>
            The member's status within the organization. All created members start with a status of "Invited".
            Once a member accept's their invitation to join the organization, their status changes to "Accepted".
            Accepted members are then "Confirmed" by an organization administrator. Once a member is "Confirmed",
            their status can no longer change.
            </summary>
        </member>
        <member name="P:Bit.Core.Models.Api.Public.MemberResponseModel.Collections">
            <summary>
            The associated collections that this member can access.
            </summary>
        </member>
        <member name="T:Bit.Core.Models.Api.Public.PolicyResponseModel">
            <summary>
            A policy.
            </summary>
        </member>
        <member name="P:Bit.Core.Models.Api.Public.PolicyResponseModel.Object">
            <summary>
            String representing the object's type. Objects of the same type share the same properties.
            </summary>
            <example>policy</example>
        </member>
        <member name="P:Bit.Core.Models.Api.Public.PolicyResponseModel.Id">
            <summary>
            The policy's unique identifier.
            </summary>
            <example>539a36c5-e0d2-4cf9-979e-51ecf5cf6593</example>
        </member>
        <member name="P:Bit.Core.Models.Api.Public.PolicyResponseModel.Type">
            <summary>
            The type of policy.
            </summary>
        </member>
        <member name="T:Bit.Core.Models.Table.Role">
            <summary>
            This class is not used. It is implemented to make the Identity provider happy.
            </summary>
        </member>
        <member name="P:Bit.Core.Settings.GlobalSettings.SyslogSettings.Destination">
            <summary>
            The connection string used to connect to a remote syslog server over TCP or UDP, or to connect locally.
            </summary>
            <remarks>
            <para>The connection string will be parsed using <see cref="T:System.Uri" /> to extract the protocol, host name and port number.
            </para>
            <para>
            Supported protocols are:
            <list type="bullet">
            <item>UDP (use <code>udp://</code>)</item>
            <item>TCP (use <code>tcp://</code>)</item>
            <item>TLS over TCP (use <code>tls://</code>)</item>
            </list>
            </para>
            </remarks>
            <example>
            A remote server (logging.dev.example.com) is listening on UDP (port 514):
            <code>
            udp://logging.dev.example.com:514</code>.
            </example>
        </member>
        <member name="P:Bit.Core.Settings.GlobalSettings.SyslogSettings.CertificatePath">
            <summary>
            The absolute path to a Certificate (DER or Base64 encoded with private key).
            </summary>
            <remarks>
            The certificate path and <see cref="P:Bit.Core.Settings.GlobalSettings.SyslogSettings.CertificatePassword"/> are passed into the <see cref="M:System.Security.Cryptography.X509Certificates.X509Certificate2.#ctor(System.String,System.String)" />.
            The file format of the certificate may be binary encded (DER) or base64. If the private key is encrypted, provide the password in <see cref="P:Bit.Core.Settings.GlobalSettings.SyslogSettings.CertificatePassword"/>,
            </remarks>
        </member>
        <member name="P:Bit.Core.Settings.GlobalSettings.SyslogSettings.CertificatePassword">
            <summary>
            The password for the encrypted private key in the certificate supplied in <see cref="P:Bit.Core.Settings.GlobalSettings.SyslogSettings.CertificatePath" />.
            </summary>
            <value></value>
        </member>
        <member name="P:Bit.Core.Settings.GlobalSettings.SyslogSettings.CertificateThumbprint">
            <summary>
            The thumbprint of the certificate in the X.509 certificate store for personal certificates for the user account running Bitwarden. 
            </summary>
            <value></value>
        </member>
        <member name="M:Bit.Core.Utilities.CoreHelpers.GenerateComb">
            <summary>
            Generate sequential Guid for Sql Server.
            ref: https://github.com/nhibernate/nhibernate-core/blob/master/src/NHibernate/Id/GuidCombGenerator.cs
            </summary>
            <returns>A comb Guid.</returns>
        </member>
        <member name="M:Bit.Core.Utilities.CoreHelpers.CloneObject``1(``0)">
            <summary>
            Creates a clone of the given object through serializing to json and deserializing.
            This method is subject to the limitations of Newstonsoft. For example, properties with
            inaccessible setters will not be set.
            </summary>
        </member>
        <member name="M:Bit.Core.Utilities.Duo.DuoApi.ApiCall(System.String,System.String,System.Collections.Generic.Dictionary{System.String,System.String},System.Int32,System.Net.HttpStatusCode@)">
            <param name="timeout">The request timeout, in milliseconds.
            Specify 0 to use the system-default timeout. Use caution if
            you choose to specify a custom timeout - some API
            calls (particularly in the Auth APIs) will not
            return a response until an out-of-band authentication process
            has completed. In some cases, this may take as much as a
            small number of minutes.</param>
        </member>
        <member name="M:Bit.Core.Utilities.Duo.DuoApi.JSONApiCall``1(System.String,System.String,System.Collections.Generic.Dictionary{System.String,System.String},System.Int32)">
            <param name="timeout">The request timeout, in milliseconds.
            Specify 0 to use the system-default timeout. Use caution if
            you choose to specify a custom timeout - some API
            calls (particularly in the Auth APIs) will not
            return a response until an out-of-band authentication process
            has completed. In some cases, this may take as much as a
            small number of minutes.</param>
        </member>
        <member name="M:Bit.Core.Utilities.Duo.DuoWeb.SignRequest(System.String,System.String,System.String,System.String,System.Nullable{System.DateTime})">
            <summary>
            Generate a signed request for Duo authentication.
            The returned value should be passed into the Duo.init() call
            in the rendered web page used for Duo authentication.
            </summary>
            <param name="ikey">Duo integration key</param>
            <param name="skey">Duo secret key</param>
            <param name="akey">Application secret key</param>
            <param name="username">Primary-authenticated username</param>
            <param name="currentTime">(optional) The current UTC time</param>
            <returns>signed request</returns>
        </member>
        <member name="M:Bit.Core.Utilities.Duo.DuoWeb.VerifyResponse(System.String,System.String,System.String,System.String,System.Nullable{System.DateTime})">
            <summary>
            Validate the signed response returned from Duo.
            Returns the username of the authenticated user, or null.
            </summary>
            <param name="ikey">Duo integration key</param>
            <param name="skey">Duo secret key</param>
            <param name="akey">Application secret key</param>
            <param name="sigResponse">The signed response POST'ed to the server</param>
            <param name="currentTime">(optional) The current UTC time</param>
            <returns>authenticated username, or null</returns>
        </member>
        <member name="T:Bit.Core.Utilities.EncryptedStringAttribute">
            <summary>
            Validates a string that is in encrypted form: "head.b64iv=|b64ct=|b64mac="
            </summary>
        </member>
    </members>
</doc>
